More Info|Industry: Beverages - Brewers |Consumer Goods|Beverages - Brewers
ADVI.PA|Advini SA |Consumer Goods|Beverages - Brewers
ABEV3.SA|Ambev SA |Consumer Goods|Beverages - Brewers
ABI.BR|Anheuser-Busch Inbev SA |Consumer Goods|Beverages - Brewers
ITK.DE|Anheuser-Busch Inbev SA |Consumer Goods|Beverages - Brewers
ITKA.DE|Anheuser-Busch Inbev SA |Consumer Goods|Beverages - Brewers
BUD|Anheuser-Busch InBev SA/NV |Consumer Goods|Beverages - Brewers
ABW.DE|Asahi Group Holdings Ltd |Consumer Goods|Beverages - Brewers
ASALCBR.BO|Associated Alcohols |Consumer Goods|Beverages - Brewers
BED.DE|Belvedere SA |Consumer Goods|Beverages - Brewers
BVD.PA|Belvedere SA |Consumer Goods|Beverages - Brewers
BEZ3.DE|Berentzen-Gruppe AG |Consumer Goods|Beverages - Brewers
B9B.DE|BHB Brauholding Bayern |Consumer Goods|Beverages - Brewers
BR.TO|Big Rock Brewery Inc |Consumer Goods|Beverages - Brewers
SAM|Boston Beer Co. Inc. |Consumer Goods|Beverages - Brewers
BOAF.PA|Brasseries de l'Ouest Africain |Consumer Goods|Beverages - Brewers
BCAM.PA|Brasseries du Cameroun |Consumer Goods|Beverages - Brewers
BRB.TO|Brick Brewing Co Ltd |Consumer Goods|Beverages - Brewers
CCR.L|C&C Group PLC |Consumer Goods|Beverages - Brewers
GCC.DE|C&C Group PLC |Consumer Goods|Beverages - Brewers
CBGA.DE|Carlsberg AS |Consumer Goods|Beverages - Brewers
CBGB.DE|Carlsberg AS |Consumer Goods|Beverages - Brewers
BORN|China New Borun Corporation |Consumer Goods|Beverages - Brewers
CCU|Compania Cervecerias Unidas S. |Consumer Goods|Beverages - Brewers
BREW|Craft Brew Alliance, Inc. |Consumer Goods|Beverages - Brewers
LBR.DE|Custodia Holding AG |Consumer Goods|Beverages - Brewers
BES.L|Distil PLC |Consumer Goods|Beverages - Brewers
EDL.BO|Empee Distilleries Ltd |Consumer Goods|Beverages - Brewers
EDL.NS|Empee Distilleries Ltd |Consumer Goods|Beverages - Brewers
FMX|Fomento Econ |Consumer Goods|Beverages - Brewers
FEMSAUBD.MX|Fomento Economico |Consumer Goods|Beverages - Brewers
FOMA.DE|Fomento Economico |Consumer Goods|Beverages - Brewers
GMBREW.BO|G M Breweries Ltd |Consumer Goods|Beverages - Brewers
GMBREW.NS|G M Breweries Ltd |Consumer Goods|Beverages - Brewers
GRB.AX|Gage Road Brewing Co Ltd |Consumer Goods|Beverages - Brewers
MALA.PA|Grand Marnier |Consumer Goods|Beverages - Brewers
G4V.DE|Grupo Modelo SAB de CV |Consumer Goods|Beverages - Brewers
GMODELOC.MX|Grupo Modelo SAB de CV |Consumer Goods|Beverages - Brewers
GUW.DE|Guangdong Land Holdings Ltd |Consumer Goods|Beverages - Brewers
4H5.DE|Heineken Holding NV |Consumer Goods|Beverages - Brewers
HNK1.DE|Heineken NV |Consumer Goods|Beverages - Brewers
MAIR.PA|Henri Maire |Consumer Goods|Beverages - Brewers
JAGATJITIND.BO|Jagatjit Industries Ltd |Consumer Goods|Beverages - Brewers
0472.HK|JLF Investment Company Limited |Consumer Goods|Beverages - Brewers
0124.HK|Kingway Brewery Holdings Ltd. |Consumer Goods|Beverages - Brewers
KIR.DE|Kirin Holdings Co Ltd |Consumer Goods|Beverages - Brewers
LAN.PA|Lanson-BCC |Consumer Goods|Beverages - Brewers
LPE.DE|Laurent-Perrier |Consumer Goods|Beverages - Brewers
LPE.PA|Laurent-Perrier |Consumer Goods|Beverages - Brewers
MLCAC.PA|Lombard et Medot |Consumer Goods|Beverages - Brewers
MALT.PA|Malteries Franco-Belges |Consumer Goods|Beverages - Brewers
MENB|Mendocino Brewing Co. Inc. |Consumer Goods|Beverages - Brewers
MUT.DE|Mineralbrunnen Ueberkinge |Consumer Goods|Beverages - Brewers
MOA.NZ|Moa Group Ltd |Consumer Goods|Beverages - Brewers
NY7.DE|Molson Coors Brewing Co |Consumer Goods|Beverages - Brewers
TPX-A.TO|Molson Coors Brewing Co |Consumer Goods|Beverages - Brewers
TPX-B.TO|Molson Coors Brewing Co |Consumer Goods|Beverages - Brewers
TAP|Molson Coors Brewing Company |Consumer Goods|Beverages - Brewers
BMO.DE|Moninger Holding AG |Consumer Goods|Beverages - Brewers
MOUNTSHIQ.BO|Mount Shivalik Industries Ltd |Consumer Goods|Beverages - Brewers
SBT.PA|Oeneo |Consumer Goods|Beverages - Brewers
OZB.AX|Oz Brewing Ltd |Consumer Goods|Beverages - Brewers
PKB.DE|Park & Bellheimer AG |Consumer Goods|Beverages - Brewers
RADICO.BO|Radico Khaitan Ltd |Consumer Goods|Beverages - Brewers
RADICO.NS|Radico Khaitan Ltd |Consumer Goods|Beverages - Brewers
RBREW.CO|Royal UNIBREW A/S |Consumer Goods|Beverages - Brewers
RB.V|Russell Breweries Inc |Consumer Goods|Beverages - Brewers
BRW.DE|SABMiller PLC |Consumer Goods|Beverages - Brewers
BRW1.DE|SABMiller PLC |Consumer Goods|Beverages - Brewers
SAB.L|SABMiller PLC |Consumer Goods|Beverages - Brewers
0236.HK|San Miguel Brewery HK |Consumer Goods|Beverages - Brewers
SBW.DE|Sapporo Holdings Ltd |Consumer Goods|Beverages - Brewers
COBH.BR|Societe Commerciale |Consumer Goods|Beverages - Brewers
SOMDIST.BO|Som Distilleries |Consumer Goods|Beverages - Brewers
STG.DE|STINAG Stuttgart Invest AG |Consumer Goods|Beverages - Brewers
TAX.DE|Takara Holdings Inc |Consumer Goods|Beverages - Brewers
TFF.PA|Tonnellerie Francois |Consumer Goods|Beverages - Brewers
TSI.DE|Tsingtao Brewery Co Ltd |Consumer Goods|Beverages - Brewers
0168.HK|Tsingtao Brewery Co., Ltd. |Consumer Goods|Beverages - Brewers
CVU.DE|United Breweries Co Inc |Consumer Goods|Beverages - Brewers
UBHOLDING.BO|United Breweries holdings |Consumer Goods|Beverages - Brewers
UBHOLDING.NS|United Breweries holdings |Consumer Goods|Beverages - Brewers
UBL.NS|United Breweries Ltd |Consumer Goods|Beverages - Brewers
UNITEDBREW.BO|United Breweries Ltd |Consumer Goods|Beverages - Brewers
VCO|Vina Concha y Toro S.A. |Consumer Goods|Beverages - Brewers
VRAP.PA|Vranken Pommery Monopole |Consumer Goods|Beverages - Brewers
WINSOMBR.BO|Winsome Breweries Ltd |Consumer Goods|Beverages - Brewers
