More Info|Industry: Confectioners |Consumer Goods|Confectioners
AHFD|Active Health Foods, Inc. |Consumer Goods|Confectioners
AHFD|Active Health Foods, Inc. |Consumer Goods|Confectioners
BAJAJHIND.BO|Bajaj Hindusthan Ltd |Consumer Goods|Confectioners
BAJAJHIND.NS|Bajaj Hindusthan Ltd |Consumer Goods|Confectioners
BALRAMCHI.NS|Balrampur Chini Mills Ltd |Consumer Goods|Confectioners
BALRAMCHIN.BO|Balrampur Chini Mills Ltd |Consumer Goods|Confectioners
BCLN.DE|Barry Callebaut AG |Consumer Goods|Confectioners
CLA-B.ST|Cloetta AB |Consumer Goods|Confectioners
DALMIACEM.BO|Dalmia Bharat Sugar |Consumer Goods|Confectioners
DALMIASUG.NS|Dalmia Bharat Sugar |Consumer Goods|Confectioners
DCMSHRIN.BO|DCM Shriram Industries Ltd |Consumer Goods|Confectioners
DHAMPURE.BO|Dhampure Speciality Sugars Ltd |Consumer Goods|Confectioners
DOLLEX.BO|Dollex Industries Ltd |Consumer Goods|Confectioners
DWARKESH.BO|Dwarikesh Sugar Industries Ltd |Consumer Goods|Confectioners
DWARKESH.NS|Dwarikesh Sugar Industries Ltd |Consumer Goods|Confectioners
EIDPARRY.BO|E I D Parry India Ltd |Consumer Goods|Confectioners
EASUG.BO|Eastern Sugar And Industr |Consumer Goods|Confectioners
FFI.AX|FFI Holdings Ltd |Consumer Goods|Confectioners
GAYATRIBI.BO|Gayatri BioOrganics Ltd |Consumer Goods|Confectioners
HSI.AT|Hellenic Sugar Industry SA |Consumer Goods|Confectioners
1236.TW|Hunya Foods Co Ltd |Consumer Goods|Confectioners
INDSUCR.BO|Indian Sucrose Ltd |Consumer Goods|Confectioners
JAMN|Jammin Java Corp. |Consumer Goods|Confectioners
Q0W.SI|JB Foods Ltd |Consumer Goods|Confectioners
JEYPORE.BO|Jeypore Sugar Co Ltd |Consumer Goods|Confectioners
JEYPORE.NS|Jeypore Sugar Co Ltd |Consumer Goods|Confectioners
KMSUGAR.BO|K M Sugar Mills Ltd |Consumer Goods|Confectioners
KESARENQ.BO|Kesar Enterprises Ltd |Consumer Goods|Confectioners
KESARENT.NS|Kesar Enterprises Ltd |Consumer Goods|Confectioners
KOTARISUG.NS|Kothari Sugars & Chemicals Ltd |Consumer Goods|Confectioners
LSPN.DE|Lindt & SprÃ¼ngli |Consumer Goods|Confectioners
LSPP.DE|Lindt & SprÃ¼ngli |Consumer Goods|Confectioners
LOTUSCHO.BO|Lotus Chocolate Co Ltd |Consumer Goods|Confectioners
MAWANASUG.BO|Mawana Sugars Ltd |Consumer Goods|Confectioners
MAWANASUG.NS|Mawana Sugars Ltd |Consumer Goods|Confectioners
MDLZ|Mondelez International, Inc. |Consumer Goods|Confectioners
MDLZ|Mondelez International, Inc. |Consumer Goods|Confectioners
MTI.AX|Montec International Ltd |Consumer Goods|Confectioners
NEWT.BR|Newtree SA |Consumer Goods|Confectioners
OUDH.BO|Oudh Sugar Mills Ltd. |Consumer Goods|Confectioners
OUDHSUG.NS|Oudh Sugar Mills Ltd. |Consumer Goods|Confectioners
PARF|Paradise Inc. |Consumer Goods|Confectioners
GMRINDS.BO|Parrys Sugar Industries Ltd |Consumer Goods|Confectioners
GMRINDS.NS|Parrys Sugar Industries Ltd |Consumer Goods|Confectioners
P34.SI|Petra Foods Ltd |Consumer Goods|Confectioners
PONNIEROD.NS|Ponni Sugars (Erode) Ltd |Consumer Goods|Confectioners
PONNISUG.BO|Ponni Sugars (Erode) Ltd |Consumer Goods|Confectioners
D7V.DE|PT Mayora Indah Tbk |Consumer Goods|Confectioners
RAJSREESU.NS|Rajshree Sugars |Consumer Goods|Confectioners
RSCL.BO|Rajshree Sugars |Consumer Goods|Confectioners
RANASUG.BO|Rana Sugars Ltd |Consumer Goods|Confectioners
RANASUG.NS|Rana Sugars Ltd |Consumer Goods|Confectioners
RAVALSUG.BO|Ravalgaon Sugar Farm Ltd |Consumer Goods|Confectioners
RGD.L|Real Good Food PLC |Consumer Goods|Confectioners
RIGASUG.BO|Riga Sugar Co Ltd |Consumer Goods|Confectioners
RMCF|Rocky Mountain Chocolate Facto |Consumer Goods|Confectioners
RSI.TO|Rogers Sugar Inc |Consumer Goods|Confectioners
SAKHTISUG.NS|Sakthi Sugars Ltd |Consumer Goods|Confectioners
SAKTHISU.BO|Sakthi Sugars Ltd |Consumer Goods|Confectioners
SAMPRE.BO|Sampre Nutritions Ltd |Consumer Goods|Confectioners
BAUH614.SA|Sao Martinho SA |Consumer Goods|Confectioners
SBECSUG.BO|SBEC Sugar Ltd |Consumer Goods|Confectioners
RENUKA.BO|Shree Renuka Sugars Ltd |Consumer Goods|Confectioners
RENUKA.NS|Shree Renuka Sugars Ltd |Consumer Goods|Confectioners
SIMBHALS.BO|Simbhaoli Sugars Ltd |Consumer Goods|Confectioners
SIMBHSUGA.NS|Simbhaoli Sugars Ltd |Consumer Goods|Confectioners
SSLEL.BO|Sir Shadi Lal Enterprises Ltd |Consumer Goods|Confectioners
SKMEGGPRO.NS|SKM Egg Products Export ( |Consumer Goods|Confectioners
KANAK.AT|Stelios Kanakis SA |Consumer Goods|Confectioners
SZU.DE|Suedzucker AG |Consumer Goods|Confectioners
TGR.AX|Tassal Group Ltd |Consumer Goods|Confectioners
TERI3.SA|Tereos Internacional SA |Consumer Goods|Confectioners
HSY.DE|The Hershey Co |Consumer Goods|Confectioners
HSY|The Hershey Company |Consumer Goods|Confectioners
THIRUSUG.BO|Thiru Arooran Sugars Ltd |Consumer Goods|Confectioners
THIRUSUGA.NS|Thiru Arooran Sugars Ltd |Consumer Goods|Confectioners
THT.L|Thorntons PLC |Consumer Goods|Confectioners
LXU.DE|Tongaat Hulett Ltd |Consumer Goods|Confectioners
THL.L|Tongaat Hulett Ltd |Consumer Goods|Confectioners
TR|Tootsie Roll Industries Inc. |Consumer Goods|Confectioners
TEIL.BO|Triveni Engineering & Ind |Consumer Goods|Confectioners
TRIVENI.NS|Triveni Engineering & Ind |Consumer Goods|Confectioners
UGAR.BO|Ugar Sugar Works Ltd |Consumer Goods|Confectioners
UGARSUGAR.NS|Ugar Sugar Works Ltd |Consumer Goods|Confectioners
UPERGANGE.NS|Upper Ganges Sugar |Consumer Goods|Confectioners
UPPERGA.BO|Upper Ganges Sugar |Consumer Goods|Confectioners
UTTAMSUGA.NS|Uttam Sugar Mills Ltd |Consumer Goods|Confectioners
UTTAMSUGR.BO|Uttam Sugar Mills Ltd |Consumer Goods|Confectioners
WCB.AX|Warrnambool Cheese and Bu |Consumer Goods|Confectioners
