More Info|Industry: Trucks & Other Vehicles |Consumer Goods|Trucks & Other Vehicles
BLQN|Balqon Corporation |Consumer Goods|Trucks & Other Vehicles
BLQN|Balqon Corporation |Consumer Goods|Trucks & Other Vehicles
1114.HK|Brilliance China Auto Hld |Consumer Goods|Trucks & Other Vehicles
PIG.PA|Haulotte Group |Consumer Goods|Trucks & Other Vehicles
HY|Hyster-Yale Materials Handling |Consumer Goods|Trucks & Other Vehicles
KGX.DE|KION GROUP AG |Consumer Goods|Trucks & Other Vehicles
MAN.DE|MAN SE |Consumer Goods|Trucks & Other Vehicles
MAN3.DE|MAN SE |Consumer Goods|Trucks & Other Vehicles
MANC.DE|MAN SE |Consumer Goods|Trucks & Other Vehicles
MXI.AX|Maxitrans Industries Ltd |Consumer Goods|Trucks & Other Vehicles
IHR.DE|Navistar International Corp |Consumer Goods|Trucks & Other Vehicles
NAV|Navistar International Corpora |Consumer Goods|Trucks & Other Vehicles
NAV.V|Navistar International Corpora |Consumer Goods|Trucks & Other Vehicles
OK3.DE|Oshkosh Corp |Consumer Goods|Trucks & Other Vehicles
OSK|Oshkosh Corporation |Consumer Goods|Trucks & Other Vehicles
PAE.DE|PACCAR Inc |Consumer Goods|Trucks & Other Vehicles
PCAR|PACCAR Inc. |Consumer Goods|Trucks & Other Vehicles
PETRO.AT|Petros Petropoulos SA |Consumer Goods|Trucks & Other Vehicles
QIN.DE|Qingling Motors Co Ltd |Consumer Goods|Trucks & Other Vehicles
1122.HK|Qingling Motors Co., Ltd. |Consumer Goods|Trucks & Other Vehicles
3808.HK|Sinotruk (Hong Kong) Limited |Consumer Goods|Trucks & Other Vehicles
4SK.DE|Sinotruk (Hong Kong) Ltd |Consumer Goods|Trucks & Other Vehicles
SPAR|Spartan Motors Inc. |Consumer Goods|Trucks & Other Vehicles
STS|Supreme Industries Inc. |Consumer Goods|Trucks & Other Vehicles
STS.V|Supreme Industries Inc. |Consumer Goods|Trucks & Other Vehicles
VPWI|Viper Powersports Inc. |Consumer Goods|Trucks & Other Vehicles
VOL1.DE|Volvo AB |Consumer Goods|Trucks & Other Vehicles
VOL3.DE|Volvo AB |Consumer Goods|Trucks & Other Vehicles
VOLV-A.ST|Volvo AB |Consumer Goods|Trucks & Other Vehicles
VOLV-B.ST|Volvo AB |Consumer Goods|Trucks & Other Vehicles
WA9.DE|Wabash National Corp |Consumer Goods|Trucks & Other Vehicles
WNC|Wabash National Corp. |Consumer Goods|Trucks & Other Vehicles
