More Info|Industry: Industrial Equipment & Components |Industrial Goods|Industrial Equipment & Components
ABKI|Abakan, Inc. |Industrial Goods|Industrial Equipment & Components
ASPW|Arista Power, Inc. |Industrial Goods|Industrial Equipment & Components
B|Barnes Group Inc. |Industrial Goods|Industrial Equipment & Components
CTEI|Cemtrex Inc. |Industrial Goods|Industrial Equipment & Components
CCF|Chase Corporation |Industrial Goods|Industrial Equipment & Components
CIR|CIRCOR International, Inc. |Industrial Goods|Industrial Equipment & Components
NPO|EnPro Industries, Inc. |Industrial Goods|Industrial Equipment & Components
BGC|General Cable Corp. |Industrial Goods|Industrial Equipment & Components
HNH|Handy & Harman Ltd. |Industrial Goods|Industrial Equipment & Components
INVI|Integral Vision, Inc. |Industrial Goods|Industrial Equipment & Components
MWA|Mueller Water Products, Inc. |Industrial Goods|Industrial Equipment & Components
NFEC|NF Energy Saving Corp. |Industrial Goods|Industrial Equipment & Components
OFLX|OmegaFlex, Inc. |Industrial Goods|Industrial Equipment & Components
PH|Parker-Hannifin Corporation |Industrial Goods|Industrial Equipment & Components
PNR|Pentair plc |Industrial Goods|Industrial Equipment & Components
ZERO|Save the World Air, Inc. |Industrial Goods|Industrial Equipment & Components
HEAT|SmartHeat Inc. |Industrial Goods|Industrial Equipment & Components
SXI|Standex International Corporat |Industrial Goods|Industrial Equipment & Components
SNHY|Sun Hydraulics Corp. |Industrial Goods|Industrial Equipment & Components
TRS|TriMas Corporation |Industrial Goods|Industrial Equipment & Components
WTS|Watts Water Technologies, Inc. |Industrial Goods|Industrial Equipment & Components
