More Info|Industry: Drug Manufacturers - Other |Healthcare|Drug Manufacturers - Other
ACUS|Acusphere, Inc. |Healthcare|Drug Manufacturers - Other
AOLS|Aeolus Pharmaceuticals Inc. |Healthcare|Drug Manufacturers - Other
ALXA|Alexza Pharmaceuticals Inc. |Healthcare|Drug Manufacturers - Other
AMRN|Amarin Corporation plc |Healthcare|Drug Manufacturers - Other
AMPH|Amphastar Pharmaceuticals, Inc |Healthcare|Drug Manufacturers - Other
APRI|Apricus Biosciences, Inc. |Healthcare|Drug Manufacturers - Other
ARYX|ARYx Therapeutics, Inc. |Healthcare|Drug Manufacturers - Other
AHROQ|AtheroNova Inc. |Healthcare|Drug Manufacturers - Other
BIOD|Biodel Inc. |Healthcare|Drug Manufacturers - Other
CRME|Cardiome Pharma Corp. |Healthcare|Drug Manufacturers - Other
CORX|Cortex Pharmaceuticals Inc. |Healthcare|Drug Manufacturers - Other
CPIX|Cumberland Pharmaceuticals, In |Healthcare|Drug Manufacturers - Other
DEPO|DepoMed Inc. |Healthcare|Drug Manufacturers - Other
RDY|Dr. Reddy's Laboratories Ltd. |Healthcare|Drug Manufacturers - Other
DRRX|DURECT Corporation |Healthcare|Drug Manufacturers - Other
ELTP|Elite Pharmaceuticals, Inc. |Healthcare|Drug Manufacturers - Other
ENDP|Endo International plc |Healthcare|Drug Manufacturers - Other
HRBR|Harbor BioSciences, Inc |Healthcare|Drug Manufacturers - Other
ISIS|Isis Pharmaceuticals, Inc. |Healthcare|Drug Manufacturers - Other
LCAR|Lescarden Inc. |Healthcare|Drug Manufacturers - Other
MEIP|MEI Pharma, Inc. |Healthcare|Drug Manufacturers - Other
NGSX|NeurogesX, Inc. |Healthcare|Drug Manufacturers - Other
NGSX|NeurogesX, Inc. |Healthcare|Drug Manufacturers - Other
NVO|Novo Nordisk A/S |Healthcare|Drug Manufacturers - Other
NUIN|Nutrastar International Inc. |Healthcare|Drug Manufacturers - Other
OREX|Orexigen Therapeutics, Inc. |Healthcare|Drug Manufacturers - Other
PTX|Pernix Therapeutics Holdings, |Healthcare|Drug Manufacturers - Other
POZN|POZEN Inc. |Healthcare|Drug Manufacturers - Other
PRTX|Protalex Inc. |Healthcare|Drug Manufacturers - Other
PRTX|Protalex Inc. |Healthcare|Drug Manufacturers - Other
PMBS|Puramed Bioscience Inc |Healthcare|Drug Manufacturers - Other
PMBS|Puramed Bioscience Inc |Healthcare|Drug Manufacturers - Other
RGRX|Regenerx Biopharmaceuticals In |Healthcare|Drug Manufacturers - Other
SCLN|SciClone Pharmaceuticals, Inc. |Healthcare|Drug Manufacturers - Other
SCMP|Sucampo Pharmaceuticals, Inc. |Healthcare|Drug Manufacturers - Other
SGYP|Synergy Pharmaceuticals, Inc. |Healthcare|Drug Manufacturers - Other
SGYP|Synergy Pharmaceuticals, Inc. |Healthcare|Drug Manufacturers - Other
TARO|Taro Pharmaceutical Industries |Healthcare|Drug Manufacturers - Other
TEVA|Teva Pharmaceutical Industries |Healthcare|Drug Manufacturers - Other
TPI|Tianyin Pharmaceutical Co., In |Healthcare|Drug Manufacturers - Other
UGNEQ|Unigene Laboratories Inc. |Healthcare|Drug Manufacturers - Other
UTHR|United Therapeutics Corporatio |Healthcare|Drug Manufacturers - Other
