More Info|Industry: Specialized Health Services |Healthcare|Specialized Health Services
AAC|AAC Holdings, Inc. |Healthcare|Specialized Health Services
ACHC|Acadia Healthcare Company, Inc |Healthcare|Specialized Health Services
ANCI|American Caresource Holdings, |Healthcare|Specialized Health Services
AMS|American Shared Hospital Servi |Healthcare|Specialized Health Services
AHS|AMN Healthcare Services Inc. |Healthcare|Specialized Health Services
AMSG|AmSurg Corp. |Healthcare|Specialized Health Services
AMEH|Apollo Medical Holdings, Inc. |Healthcare|Specialized Health Services
CATS|Catasys, Inc. |Healthcare|Specialized Health Services
CATS|Catasys, Inc. |Healthcare|Specialized Health Services
CPAI|Champion Pain Care Corporation |Healthcare|Specialized Health Services
CHCR|Comprehensive Care Corporation |Healthcare|Specialized Health Services
CCEL|Cryo-Cell International, Inc. |Healthcare|Specialized Health Services
DVA|DaVita HealthCare Partners Inc |Healthcare|Specialized Health Services
FMS|Fresenius Medical Care AG & Co |Healthcare|Specialized Health Services
FMS.V|Fresenius Medical Care AG & Co |Healthcare|Specialized Health Services
HGR|Hanger, Inc. |Healthcare|Specialized Health Services
HLS|HEALTHSOUTH Corp. |Healthcare|Specialized Health Services
HWAY|Healthways Inc. |Healthcare|Specialized Health Services
HEMA|HemaCare Corp. |Healthcare|Specialized Health Services
HH|Hooper Holmes Inc. |Healthcare|Specialized Health Services
IPCM|IPC Healthcare, Inc. |Healthcare|Specialized Health Services
MLKNA|MedLink International, Inc. |Healthcare|Specialized Health Services
MD|MEDNAX, Inc. |Healthcare|Specialized Health Services
NHPR|National Health Partners Inc. |Healthcare|Specialized Health Services
OCR|Omnicare Inc. |Healthcare|Specialized Health Services
OVIT|OncoVista Innovative Therapies |Healthcare|Specialized Health Services
PFHO|Pacific Health Care Organizati |Healthcare|Specialized Health Services
PAHC|Phibro Animal Health Corporati |Healthcare|Specialized Health Services
PRSC|Providence Service Corp. |Healthcare|Specialized Health Services
PSYS|Psychiatric Solutions, Inc. |Healthcare|Specialized Health Services
SKCO|The Sagemark Companies, Ltd. |Healthcare|Specialized Health Services
USNU|US Neurosurgical Inc. |Healthcare|Specialized Health Services
USPH|US Physical Therapy Inc. |Healthcare|Specialized Health Services
