More Info|Industry: Apparel Stores |Services|Apparel Stores
AFT.DE|Abercrombie & Fitch Co |Services|Apparel Stores
ANF|Abercrombie & Fitch Co. |Services|Apparel Stores
ADD.DE|Adler Modemarkte AG |Services|Apparel Stores
AO5.DE|Aeropostale Inc |Services|Apparel Stores
AFG.DE|American Eagle Outfitters |Services|Apparel Stores
AEO|American Eagle Outfitters, Inc |Services|Apparel Stores
ANN|ANN INC. |Services|Apparel Stores
M19.DE|Artini China Co Ltd |Services|Apparel Stores
0789.HK|Artini China Co., Ltd. |Services|Apparel Stores
ASNA|Ascena Retail Group Inc. |Services|Apparel Stores
ARO|AÃ©ropostale, Inc. |Services|Apparel Stores
BEBE|Bebe Stores, Inc. |Services|Apparel Stores
BODY|Body Central Corp. |Services|Apparel Stores
BON.L|Bonmarche Holdings PLC |Services|Apparel Stores
BOOT|Boot Barn Holdings, Inc. |Services|Apparel Stores
BRANDHOUS.BO|Brandhouse Retails Ltd |Services|Apparel Stores
BRANDHOUS.NS|Brandhouse Retails Ltd |Services|Apparel Stores
BK2.DE|Buckle, Inc. |Services|Apparel Stores
CACHQ|Cache Inc. |Services|Apparel Stores
1417.TW|Carnival Industrial Corp |Services|Apparel Stores
VCH.DE|Charles Voegele Ltd |Services|Apparel Stores
CHKE|Cherokee Inc. |Services|Apparel Stores
YC8.DE|Chico's FAS Inc |Services|Apparel Stores
CHS|Chico's FAS Inc. |Services|Apparel Stores
CP5.DE|Children's Place Inc |Services|Apparel Stores
8272.HK|Chinese Food and Beverage |Services|Apparel Stores
CBK|Christopher & Banks Corporatio |Services|Apparel Stores
WW2.DE|Citi Trends Inc |Services|Apparel Stores
CTRN|Citi Trends, Inc. |Services|Apparel Stores
DAR.PA|Damartex |Services|Apparel Stores
DL.TO|Danier Leather Inc |Services|Apparel Stores
DEST|Destination Maternity Corporat |Services|Apparel Stores
DXLG|Destination XL Group, Inc. |Services|Apparel Stores
DSW|DSW Inc. |Services|Apparel Stores
EMD.DE|ENM Holdings Ltd |Services|Apparel Stores
0128.HK|ENM Holdings Ltd. |Services|Apparel Stores
0330.HK|Espirit Holdings Limited |Services|Apparel Stores
ESHA.DE|Espirit Holdings Ltd |Services|Apparel Stores
ESHB.DE|Espirit Holdings Ltd |Services|Apparel Stores
TAM.PA|Etam Developpement SA |Services|Apparel Stores
0238.HK|Evergreen International |Services|Apparel Stores
MLEVE.PA|Everset |Services|Apparel Stores
EXPR|Express Inc. |Services|Apparel Stores
02Z.DE|Express, Inc. |Services|Apparel Stores
F10.SI|F J Benjamin Holdings Ltd |Services|Apparel Stores
FR7.DE|Fast Retailing Co Ltd |Services|Apparel Stores
CLAY.PA|Financiere Marjos |Services|Apparel Stores
FRAN|Francesca's Holdings Corporati |Services|Apparel Stores
GAP.DE|Gap Inc |Services|Apparel Stores
GPS.MX|Gap Inc |Services|Apparel Stores
GCO|Genesco Inc. |Services|Apparel Stores
GIO.DE|Giordano International Ltd |Services|Apparel Stores
0709.HK|Giordano International Ltd. |Services|Apparel Stores
GLH.DE|Goldlion Holdings Ltd |Services|Apparel Stores
0533.HK|Goldlion Holdings Ltd. |Services|Apparel Stores
GMAN|Gordmans Stores, Inc. |Services|Apparel Stores
GBV.V|Groupe Bikini Village Inc |Services|Apparel Stores
GES|Guess' Inc. |Services|Apparel Stores
GU9.DE|Guess? Inc |Services|Apparel Stores
HLG.NZ|Hallenstein Glassons |Services|Apparel Stores
ITJ.DE|I T Ltd |Services|Apparel Stores
0999.HK|I.T Ltd. |Services|Apparel Stores
IXD.DE|Industria De Diseno Textil SA |Services|Apparel Stores
IXD1.DE|Industria De Diseno Textil SA |Services|Apparel Stores
IIG.MI|Italia Independent Group SpA |Services|Apparel Stores
JYE.DE|Joyce Boutique Holdings Ltd |Services|Apparel Stores
0647.HK|Joyce Boutique Holdings Ltd. |Services|Apparel Stores
KMD.AX|Kathmandu Holdings Limited |Services|Apparel Stores
LTD.DE|L Brands Inc |Services|Apparel Stores
LB|L Brands, Inc. |Services|Apparel Stores
CTU-A.TO|Le Chateau Inc |Services|Apparel Stores
0221.HK|LeRoi Holdings Ltd. |Services|Apparel Stores
2911.TW|Les Enphants Co Ltd |Services|Apparel Stores
BAZA395.SA|Lojas Hering SA |Services|Apparel Stores
BAUH405.SA|Lojas Renner SA |Services|Apparel Stores
33L.DE|Lululemon Athletica Inc |Services|Apparel Stores
LUX|Luxottica Group SpA |Services|Apparel Stores
LUX.MI|Luxottica Group SpA |Services|Apparel Stores
LUXA.DE|Luxottica Group SpA |Services|Apparel Stores
AMAR3.SA|Marisa Lojas SA |Services|Apparel Stores
0130.HK|Moiselle Inter Holdings |Services|Apparel Stores
MOSB.L|Moss Bros Group PLC |Services|Apparel Stores
MQ.ST|MQ Holding AB |Services|Apparel Stores
HX6.DE|New York & Company Inc |Services|Apparel Stores
NWY|New York & Company Inc. |Services|Apparel Stores
NXG.DE|Next PLC |Services|Apparel Stores
NXT.L|Next PLC |Services|Apparel Stores
NBL.AX|Noni B Ltd |Services|Apparel Stores
JWN|Nordstrom Inc. |Services|Apparel Stores
ORL.AX|OrotonGroup Ltd |Services|Apparel Stores
O08.SI|Ossia International Ltd |Services|Apparel Stores
PSU.DE|Pacific Sunwear |Services|Apparel Stores
PSUN|Pacific Sunwear of California |Services|Apparel Stores
3813.HK|Pou Sheng International |Services|Apparel Stores
PMV.AX|Premier Investments Ltd |Services|Apparel Stores
RET-A.TO|Reitmans (Canada) Ltd |Services|Apparel Stores
RET.TO|Reitmans (Canada) Ltd |Services|Apparel Stores
BAUH401.SA|Restoque Comercio |Services|Apparel Stores
RGH.DE|Right On Co., Ltd. |Services|Apparel Stores
RSO.DE|Ross Stores Inc |Services|Apparel Stores
ROST|Ross Stores Inc. |Services|Apparel Stores
528.SI|Second Chance Properties Ltd |Services|Apparel Stores
SCVL|Shoe Carnival Inc. |Services|Apparel Stores
BSI.AX|Skywards Ltd |Services|Apparel Stores
0413.HK|South China (China) Ltd. |Services|Apparel Stores
SFH.AX|Specialty Fashion Group Ltd |Services|Apparel Stores
SSI|Stage Stores Inc. |Services|Apparel Stores
SMRT|Stein Mart Inc. |Services|Apparel Stores
SSI.V|Sterling Shoes, Inc. |Services|Apparel Stores
SBB.AX|Sunbridge Group Ltd |Services|Apparel Stores
BKE|The Buckle, Inc. |Services|Apparel Stores
CATO|The Cato Corporation |Services|Apparel Stores
PLCE|The Children's Place, Inc. |Services|Apparel Stores
GPS|The Gap, Inc. |Services|Apparel Stores
GPS.V|The Gap, Inc. |Services|Apparel Stores
MW|The Men's Wearhouse, Inc. |Services|Apparel Stores
WTSLQ|The Wet Seal, Inc. |Services|Apparel Stores
TLYS|Tilly's, Inc. |Services|Apparel Stores
TJX.DE|TJX Companies Inc |Services|Apparel Stores
TJX.MX|TJX Companies Inc |Services|Apparel Stores
TTI.DE|Tom Tailor Holding AG |Services|Apparel Stores
TRENT.BO|Trent Ltd |Services|Apparel Stores
TRENT.NS|Trent Ltd |Services|Apparel Stores
0891.HK|Trinity Ltd. |Services|Apparel Stores
ULC.DE|United Labels AG |Services|Apparel Stores
UOF.DE|Urban Outfitters Inc |Services|Apparel Stores
URBN|Urban Outfitters Inc. |Services|Apparel Stores
VRG-B.ST|Venue Retail Group AB |Services|Apparel Stores
VET.PA|Vet Affaires |Services|Apparel Stores
WESC.ST|WeSC AB |Services|Apparel Stores
WTSLQ|Wet Seal Inc. |Services|Apparel Stores
1368.HK|Xtep International |Services|Apparel Stores
4QI.DE|Xtep International |Services|Apparel Stores
