More Info|Industry: Education & Training Services |Services|Education & Training Services
ABRE3.SA|Abril Educacao SA |Services|Education & Training Services
AKG.AX|Academies Australasia Gro |Services|Education & Training Services
GRT.AX|Academies Australasia Gro |Services|Education & Training Services
AEC.L|AEC Education PLC |Services|Education & Training Services
ACCS|African Copper Corporation |Services|Education & Training Services
EPAX|Ambassadors Group Inc. |Services|Education & Training Services
AMBOY|Ambow Education Holding Ltd. |Services|Education & Training Services
51A.DE|American Public Education Inc |Services|Education & Training Services
APEI|American Public Education, Inc |Services|Education & Training Services
ANOS|Anoteros Inc. |Services|Education & Training Services
APO.DE|Apollo Education Group Inc |Services|Education & Training Services
APOL|Apollo Education Group, Inc. |Services|Education & Training Services
APTECH.BO|Aptech Ltd |Services|Education & Training Services
APTECHT.NS|Aptech Ltd |Services|Education & Training Services
ASPU|Aspen Group, Inc. |Services|Education & Training Services
ASPU|Aspen Group, Inc. |Services|Education & Training Services
ATAI|ATA, Inc. |Services|Education & Training Services
ACO.AX|Australian Careers Network Ltd |Services|Education & Training Services
BE8.DE|Benesse Holdings Inc |Services|Education & Training Services
BIRSHLEDU.BO|Birla Shloka Edutech Ltd |Services|Education & Training Services
BITS.BO|BITS Ltd |Services|Education & Training Services
BPL.V|Bluedrop Performance |Services|Education & Training Services
SLC.V|Bluedrop Performance |Services|Education & Training Services
0BD.DE|Bridgepoint Education Inc |Services|Education & Training Services
BPI|Bridgepoint Education, Inc. |Services|Education & Training Services
BVII|Broadview Institute, Inc. |Services|Education & Training Services
ABCD|Cambium Learning Group, Inc. |Services|Education & Training Services
CPLA|Capella Education Co. |Services|Education & Training Services
CE1.DE|Career Education Corp |Services|Education & Training Services
CECO|Career Education Corp. |Services|Education & Training Services
CAREERP.NS|Career Point Ltd |Services|Education & Training Services
CHGG|Chegg, Inc. |Services|Education & Training Services
0CDA.DE|China Distance Education |Services|Education & Training Services
DL|China Distance Education Holdi |Services|Education & Training Services
CHN.V|China Education Resources Inc |Services|Education & Training Services
CAST|ChinaCast Education Corporatio |Services|Education & Training Services
MBA.TO|CIBT Education Group Inc |Services|Education & Training Services
COMPUCO.BO|Compucom Software Ltd |Services|Education & Training Services
COMPUPN.BO|Computer Point Ltd |Services|Education & Training Services
COREPROJECT.BO|Core Education |Services|Education & Training Services
COREPROTE.NS|Core Education |Services|Education & Training Services
COCO|Corinthian Colleges Inc. |Services|Education & Training Services
CLCN|Creative Learning Corporation |Services|Education & Training Services
DVY.DE|DeVry Education Group Inc |Services|Education & Training Services
DV|DeVry Education Group Inc. |Services|Education & Training Services
DMCINTER.BO|DMC Education Ltd |Services|Education & Training Services
EDU.V|Edleun Group, Inc. |Services|Education & Training Services
6EM.DE|Education Management Corp |Services|Education & Training Services
EDMC|Education Management Corporati |Services|Education & Training Services
EDUCOMP.BO|Educomp Solutions Ltd |Services|Education & Training Services
EDUCOMP.NS|Educomp Solutions Ltd |Services|Education & Training Services
SRIOMTR.BO|Emergent Global EDU |Services|Education & Training Services
BAUH236.SA|Estacio Participacoes SA |Services|Education & Training Services
EVERONN.BO|Everonn Education Ltd |Services|Education & Training Services
EVERONN.NS|Everonn Education Ltd |Services|Education & Training Services
EVO.AX|Evolve Education Group Ltd |Services|Education & Training Services
EVO.NZ|Evolve Education Group Ltd |Services|Education & Training Services
FC|Franklin Covey Co. |Services|Education & Training Services
GEM.AX|G8 Education Ltd |Services|Education & Training Services
ANIM3.SA|Gaec Educacao SA |Services|Education & Training Services
NPD.DE|GP Strategies Corp |Services|Education & Training Services
GPX|GP Strategies Corp. |Services|Education & Training Services
GKD.DE|Grand Canyon Education Inc |Services|Education & Training Services
LOPE|Grand Canyon Education, Inc. |Services|Education & Training Services
GREYCELLS.BO|Greycells Education Ltd |Services|Education & Training Services
HMHC|Houghton Mifflin Harcourt Comp |Services|Education & Training Services
ICT.AX|iCollege Ltd |Services|Education & Training Services
IECEDU.BO|IEC Education Ltd |Services|Education & Training Services
INSOE.BO|Innovation Software |Services|Education & Training Services
IQE.AX|Intueri Education Group Ltd |Services|Education & Training Services
IQE.NZ|Intueri Education Group Ltd |Services|Education & Training Services
ESI|ITT Educational Services Inc. |Services|Education & Training Services
IE4.DE|ITT Educational Services, Inc. |Services|Education & Training Services
JETKINGQ.BO|Jetking Infotrain Ltd |Services|Education & Training Services
3KA.DE|K12 Inc |Services|Education & Training Services
LRN|K12, Inc. |Services|Education & Training Services
KME.AX|Kip McGrath Education Cen |Services|Education & Training Services
BAUH382.SA|Kroton Educacional SA |Services|Education & Training Services
LCCINFOTE.NS|LCC Infotech Ltd |Services|Education & Training Services
LTG.L|Learning Technologies |Services|Education & Training Services
LTRE|Learning Tree International In |Services|Education & Training Services
LT2.DE|Learning Tree Intl |Services|Education & Training Services
LINC|Lincoln Educational Services C |Services|Education & Training Services
LOY.V|Loyalist Group Ltd |Services|Education & Training Services
MTEDUCARE.NS|MT Educare Ltd |Services|Education & Training Services
7AU.DE|National American |Services|Education & Training Services
NAUH|National American University H |Services|Education & Training Services
NVT.AX|Navitas Ltd |Services|Education & Training Services
N1U.DE|New Oriental Education |Services|Education & Training Services
EDU|New Oriental Education & Techn |Services|Education & Training Services
NORD|Nord Anglia Education, Inc. |Services|Education & Training Services
RGG.V|North Sea Energy Inc |Services|Education & Training Services
RQ1.SI|Overseas Education Ltd |Services|Education & Training Services
PCSV|PCS Edventures!.com, Inc. |Services|Education & Training Services
QQ.V|Quizam Media Corp |Services|Education & Training Services
E6D.SI|Raffles Education Corp Ltd |Services|Education & Training Services
RDH.AX|Redhill Education Ltd |Services|Education & Training Services
RSWN|Rosewind Corp |Services|Education & Training Services
SCHS|School Specialty Inc. |Services|Education & Training Services
SCIL|Scientific Learning Corp. |Services|Education & Training Services
SEER3.SA|Ser Educacional SA |Services|Education & Training Services
SIT.AX|Site Group International Ltd |Services|Education & Training Services
SPRO|SmartPros Ltd. |Services|Education & Training Services
SQE.DE|Strayer Education Inc |Services|Education & Training Services
STRA|Strayer Education Inc. |Services|Education & Training Services
SGU.AX|Success Resources Global Ltd |Services|Education & Training Services
XRS|TAL Education Group |Services|Education & Training Services
TEDU|Tarena INTERNATIONAL,INC. |Services|Education & Training Services
TIGE|Tigrent Inc. |Services|Education & Training Services
TREEHOUSE.NS|Tree House Education |Services|Education & Training Services
UNI.BR|U & I Learning Nv Gent |Services|Education & Training Services
UTI.DE|Universal Technical |Services|Education & Training Services
UTI|Universal Technical Institute, |Services|Education & Training Services
UMESL.BO|Usha Martin Education |Services|Education & Training Services
UMESLTD.NS|Usha Martin Education |Services|Education & Training Services
VIG.AX|Victor Group Holdings Ltd |Services|Education & Training Services
VISUINTL.BO|Visu International Ltd |Services|Education & Training Services
VISUINTL.NS|Visu International Ltd |Services|Education & Training Services
ARTHEON.BO|VJTF Eduservices Ltd |Services|Education & Training Services
VET.AX|Vocation Ltd |Services|Education & Training Services
WALCHPF.BO|Walchand Peoplefirst Ltd |Services|Education & Training Services
WIEI|Wonder International Education |Services|Education & Training Services
WIEI|Wonder International Education |Services|Education & Training Services
XUE|Xueda Education Group |Services|Education & Training Services
ZEELEARN.NS|Zee Learn Ltd |Services|Education & Training Services
ZENTEC.BO|Zen Technologies Ltd |Services|Education & Training Services
TPN.AX|3P Learning Ltd |Services|Education & Training Services
I03.SI|Informatics Education Ltd |Services|Education & Training Services
