More Info|Industry: Home Improvement Stores |Services|Home Improvement Stores
AMZZ|Amazonica, Corp. |Services|Home Improvement Stores
BRICO.PA|Bricorama NV |Services|Home Improvement Stores
BMAX.ST|Byggmax Group AB |Services|Home Improvement Stores
BYY.DE|Byggmax Group AB |Services|Home Improvement Stores
EMP-B.ST|Empire AB |Services|Home Improvement Stores
ENTU.L|entu (UK) PLC |Services|Home Improvement Stores
GRSU|Greenhouse Solutions Inc. |Services|Home Improvement Stores
GRSU|Greenhouse Solutions Inc. |Services|Home Improvement Stores
HD.BA|Home Depot Inc |Services|Home Improvement Stores
HD.MX|Home Depot Inc |Services|Home Improvement Stores
HDI.DE|Home Depot Inc |Services|Home Improvement Stores
HOME34.SA|Home Depot Inc |Services|Home Improvement Stores
KFI1.DE|Kingfisher PLC |Services|Home Improvement Stores
KGF.L|Kingfisher PLC |Services|Home Improvement Stores
LWE.DE|Lowe's Companies Inc |Services|Home Improvement Stores
LOW|Lowe's Companies Inc. |Services|Home Improvement Stores
LL|Lumber Liquidators Holdings, I |Services|Home Improvement Stores
MRB.PA|Mr Bricolage |Services|Home Improvement Stores
RON.TO|Rona Inc |Services|Home Improvement Stores
SFE.L|Safestyle UK PLC |Services|Home Improvement Stores
TBL.TO|Taiga Building Products Ltd |Services|Home Improvement Stores
HD|The Home Depot, Inc. |Services|Home Improvement Stores
TTS|Tile Shop Holdings, Inc. |Services|Home Improvement Stores
