More Info|Industry: Management Services |Services|Management Services
BAH|Booz Allen Hamilton Holding Co |Services|Management Services
CRTN|Cartesian, Inc. |Services|Management Services
CEII|China Education International, |Services|Management Services
CEII|China Education International, |Services|Management Services
CEB|Corporate Executive Board Co. |Services|Management Services
CEB.V|Corporate Executive Board Co. |Services|Management Services
CRAI|CRA International Inc. |Services|Management Services
EXPO|Exponent Inc. |Services|Management Services
FPCG|First Physicians Capital Group |Services|Management Services
FCN|FTI Consulting, Inc. |Services|Management Services
GHST|Ghost Technology, Inc. |Services|Management Services
GLER|Global Earth Energy, Inc. |Services|Management Services
HIL|Hill International, Inc. |Services|Management Services
HURN|Huron Consulting Group Inc. |Services|Management Services
ICFI|ICF International Inc. |Services|Management Services
LUVU|Liberator, Inc. |Services|Management Services
MSGO|Mister Goody, Inc. |Services|Management Services
NCI|Navigant Consulting Inc. |Services|Management Services
OGSM|Organic Sales & Marketing Inc |Services|Management Services
PBSV|Pharma-Bio Serv, Inc. |Services|Management Services
SIHC|Safco Investment Holding Corp. |Services|Management Services
STAN|Standard Parking Corporation |Services|Management Services
TAYO|Taylor Consulting Inc. |Services|Management Services
HCKT|The Hackett Group, Inc. |Services|Management Services
TGISQ|Thomas Group, Inc. |Services|Management Services
TGISQ|Thomas Group, Inc. |Services|Management Services
CDOM|Tiger X Medical, Inc. |Services|Management Services
TW|Towers Watson & Co. |Services|Management Services
WAGE|WageWorks, Inc. |Services|Management Services
WHLM|Wilhelmina International, Inc. |Services|Management Services
WHLM|Wilhelmina International, Inc. |Services|Management Services
III|Information Services Group, In |Services|Management Services
