More Info|Industry: Sporting Goods Stores |Services|Sporting Goods Stores
BGFV|Big 5 Sporting Goods Corp. |Services|Sporting Goods Stores
CAB|Cabela's Incorporated |Services|Sporting Goods Stores
DKS|Dick's Sporting Goods Inc. |Services|Sporting Goods Stores
DOVR|Dover Saddlery, Inc. |Services|Sporting Goods Stores
HIBB|Hibbett Sports, Inc. |Services|Sporting Goods Stores
SMAK|Smack Sportswear, Inc. |Services|Sporting Goods Stores
SMAKD|Smack Sportswear, Inc. |Services|Sporting Goods Stores
SMAKD|Smack Sportswear, Inc. |Services|Sporting Goods Stores
TRBX|TRB Systems International Inc. |Services|Sporting Goods Stores
