More Info|Industry: Accident & Health Insurance |Financial|Accident & Health Insurance
AFL|AFLAC Inc. |Financial|Accident & Health Insurance
AMIC|American Independence Corp. |Financial|Accident & Health Insurance
AIZ|Assurant Inc. |Financial|Accident & Health Insurance
DHU.DE|Assured Guaranty Ltd |Financial|Accident & Health Insurance
AUB.AX|Austbrokers Holdings Ltd |Financial|Accident & Health Insurance
CNO|CNO Financial Group, Inc. |Financial|Accident & Health Insurance
EIG|Employers Holdings, Inc. |Financial|Accident & Health Insurance
FXW.DE|First Acceptance Corp |Financial|Accident & Health Insurance
FAC|First Acceptance Corp. |Financial|Accident & Health Insurance
2GE.DE|Genworth MI Canada, Inc. |Financial|Accident & Health Insurance
MIC.TO|Genworth MI Canada, Inc. |Financial|Accident & Health Insurance
GLRE|Greenlight Capital Re, Ltd. |Financial|Accident & Health Insurance
LRE.L|Lancashire Holdings Ltd |Financial|Accident & Health Insurance
CMAB.DE|Mapfre SA |Financial|Accident & Health Insurance
MGC.DE|MGIC Investment Corp |Financial|Accident & Health Insurance
3GU.DE|NIB Holdings Ltd |Financial|Accident & Health Insurance
NHF.AX|NIB Holdings Ltd |Financial|Accident & Health Insurance
NBG6.DE|Nuernberger Beteiligungs AG |Financial|Accident & Health Insurance
O7I.DE|OneBeacon Insurance Group Ltd |Financial|Accident & Health Insurance
TAW.L|Pro Global Insurance |Financial|Accident & Health Insurance
PRK.DE|Proassurance Corp |Financial|Accident & Health Insurance
PRA|ProAssurance Corporation |Financial|Accident & Health Insurance
PROTCT.OL|Protector Forsikring ASA |Financial|Accident & Health Insurance
RAG.DE|Radian Group Inc |Financial|Accident & Health Insurance
RQIH.L|Randall & Quilter Inv |Financial|Accident & Health Insurance
SFG|StanCorp Financial Group Inc. |Financial|Accident & Health Insurance
GTS|Triple-S Management Corporatio |Financial|Accident & Health Insurance
TRUP|Trupanion, Inc. |Financial|Accident & Health Insurance
UNM|Unum Group |Financial|Accident & Health Insurance
