More Info|Industry: Surety & Title Insurance |Financial|Surety & Title Insurance
AMBC|Ambac Financial Group, Inc. |Financial|Surety & Title Insurance
AGO|Assured Guaranty Ltd. |Financial|Surety & Title Insurance
FNF|Fidelity National Financial, I |Financial|Surety & Title Insurance
ITIC|Investors Title Co. |Financial|Surety & Title Insurance
JFGI|Jacobs Financial Group, Inc. |Financial|Surety & Title Insurance
NMIH|NMI Holdings, Inc. |Financial|Surety & Title Insurance
OB|OneBeacon Insurance Group, Ltd |Financial|Surety & Title Insurance
SUND|Sundance Strategies, Inc. |Financial|Surety & Title Insurance
TGICQ|Triad Guaranty Inc. |Financial|Surety & Title Insurance
