More Info|Industry: Internet Software & Services |Technology|Internet Software & Services
ALYI|Alternet Systems Inc. |Technology|Internet Software & Services
ANGI|Angie's List, Inc. |Technology|Internet Software & Services
BVSN|BroadVision, Inc. |Technology|Internet Software & Services
GIB|CGI Group, Inc. |Technology|Internet Software & Services
CKSW|ClickSoftware Technologies Ltd |Technology|Internet Software & Services
COUP|Coupons.com Incorporated |Technology|Internet Software & Services
TRAK|Dealertrack Technologies, Inc. |Technology|Internet Software & Services
DFTC|Defentect Group, Inc. |Technology|Internet Software & Services
DMD|Demand Media, Inc. |Technology|Internet Software & Services
DGLPQ|DigitalPost Interactive, Inc. |Technology|Internet Software & Services
LONG|eLong Inc. |Technology|Internet Software & Services
EQIX|Equinix, Inc. |Technology|Internet Software & Services
FCU.TO|Focus Universal Inc. |Technology|Internet Software & Services
FCUV|Focus Universal Inc. |Technology|Internet Software & Services
GKNT|Geeknet, Inc. |Technology|Internet Software & Services
GDDY|GoDaddy Inc. |Technology|Internet Software & Services
INOD|Innodata Inc. |Technology|Internet Software & Services
ITNF|Internet Infinity Inc. |Technology|Internet Software & Services
INXN|Interxion Holding NV |Technology|Internet Software & Services
XXIA|Ixia |Technology|Internet Software & Services
JCOM|j2 Global, Inc. |Technology|Internet Software & Services
JCDAF|Jacada Ltd. |Technology|Internet Software & Services
JCDAF|Jacada Ltd. |Technology|Internet Software & Services
JCDAF|Jacada Ltd. |Technology|Internet Software & Services
LBRG|Ladybug Resource Group, Inc. |Technology|Internet Software & Services
LVNTA|Liberty Ventures |Technology|Internet Software & Services
MENI|Mobilized Entertainment, Inc |Technology|Internet Software & Services
MENI|Mobilized Entertainment, Inc |Technology|Internet Software & Services
NETE|Net Element, Inc. |Technology|Internet Software & Services
NTES|NetEase, Inc. |Technology|Internet Software & Services
FFN.TO|Penthouse Media Group, Inc. |Technology|Internet Software & Services
PROP|Propell Technologies Group, In |Technology|Internet Software & Services
QNST|QuinStreet, Inc. |Technology|Internet Software & Services
QMCI|QuoteMedia Inc. |Technology|Internet Software & Services
RENN|Renren Inc. |Technology|Internet Software & Services
SLNM|Salon Media Group Inc. |Technology|Internet Software & Services
SLTC|Selectica, Inc. |Technology|Internet Software & Services
SINA|SINA Corporation |Technology|Internet Software & Services
STVI|SNAP Interactive, Inc. |Technology|Internet Software & Services
STVI|SNAP Interactive, Inc. |Technology|Internet Software & Services
SPRT|Support.com, Inc. |Technology|Internet Software & Services
TNAV|Telenav, Inc. |Technology|Internet Software & Services
ULTI|The Ultimate Software Group, I |Technology|Internet Software & Services
UBIQ|Ubiquity, Inc. |Technology|Internet Software & Services
UBIQ|Ubiquity, Inc. |Technology|Internet Software & Services
VAE.V|Vanity Events Holding, Inc. |Technology|Internet Software & Services
VCST|ViewCast.com Inc. |Technology|Internet Software & Services
VHC|VirnetX Holding Corp |Technology|Internet Software & Services
WORX|Worlds Online Inc. |Technology|Internet Software & Services
WORX|Worlds Online Inc. |Technology|Internet Software & Services
