More Info|Industry: Semiconductor- Memory Chips |Technology|Semiconductor- Memory Chips
ASK.PA|Ask SA |Technology|Semiconductor- Memory Chips
ISSI|Integrated Silicon Solution In |Technology|Semiconductor- Memory Chips
2337.TW|Macronix International Co Ltd |Technology|Semiconductor- Memory Chips
MTE.DE|Micron Technology Inc |Technology|Semiconductor- Memory Chips
MU.MX|Micron Technology Inc |Technology|Semiconductor- Memory Chips
MU|Micron Technology, Inc. |Technology|Semiconductor- Memory Chips
2408.TW|Nanya Technology Corp |Technology|Semiconductor- Memory Chips
XAB.DE|Netlist Inc |Technology|Semiconductor- Memory Chips
NLST|Netlist Inc. |Technology|Semiconductor- Memory Chips
RMB.DE|Rambus Inc |Technology|Semiconductor- Memory Chips
RMBS|Rambus Inc. |Technology|Semiconductor- Memory Chips
LEDS|SemiLEDs Corporation |Technology|Semiconductor- Memory Chips
SEMI|SunEdison Semiconductor Limite |Technology|Semiconductor- Memory Chips
8112.TW|Supreme Electronics Co Ltd |Technology|Semiconductor- Memory Chips
2344.TW|Winbond Electronics Corp |Technology|Semiconductor- Memory Chips
